word,coefficient
email,7.1239289281535
statement,7.591803375073093
http,7.790126506507076
software,7.874772848722676
low,7.900089492860035
company,8.497910426254704
life,8.842483926258708
remove,9.076099162855545
account,9.515924619683389
money,9.905483716895901
